구분,행정구역코드,1단계,2단계,그룹 단계,격자 X,격자 Y,경도(초/100),위도(초/100),포함 행 수
kor,1111000000,서울특별시,종로구,2단계,61,127,126.9916319444,37.5852041667,17
kor,1114000000,서울특별시,중구,2단계,61,127,126.9952833333,37.5571611111,15
kor,1117000000,서울특별시,용산구,2단계,60,126,126.9781111111,37.5317430556,16
kor,1120000000,서울특별시,성동구,2단계,61,127,127.0425856667,37.5522285889,17
kor,1121500000,서울특별시,광진구,2단계,62,127,127.0862805556,37.5459583333,15
kor,1123000000,서울특별시,동대문구,2단계,61,127,127.0505223331,37.5799930556,15
kor,1126000000,서울특별시,중랑구,2단계,62,128,127.0927430556,37.5907194444,16
kor,1129000000,서울특별시,성북구,2단계,61,128,127.0348027778,37.5956805556,20
kor,1130500000,서울특별시,강북구,2단계,61,128,127.0307277778,37.6292777778,13
kor,1132000000,서울특별시,도봉구,2단계,61,129,127.0409222222,37.6555444444,14
kor,1135000000,서울특별시,노원구,2단계,62,129,127.0692194444,37.6472111111,19
kor,1138000000,서울특별시,은평구,2단계,59,128,126.9182430556,37.6084791667,16
kor,1141000000,서울특별시,서대문구,2단계,60,127,126.9350763889,37.5745916667,14
kor,1144000000,서울특별시,마포구,2단계,59,127,126.92945,37.5552069444,16
kor,1147000000,서울특별시,양천구,2단계,58,126,126.8550986111,37.5274763889,18
kor,1150000000,서울특별시,강서구,2단계,58,127,126.8409375,37.5518430556,20
kor,1153000000,서울특별시,구로구,2단계,58,125,126.8532008056,37.4914791667,16
kor,1154500000,서울특별시,금천구,2단계,59,125,126.9063194444,37.4558222222,10
kor,1156000000,서울특별시,영등포구,2단계,59,126,126.9135208333,37.5124625,18
kor,1159000000,서울특별시,동작구,2단계,60,125,126.9458083333,37.4915458333,15
kor,1162000000,서울특별시,관악구,2단계,60,125,126.9439102278,37.4755267,21
kor,1165000000,서울특별시,서초구,2단계,61,125,127.0205111111,37.4856166667,18
kor,1168000000,서울특별시,강남구,2단계,62,126,127.0671930556,37.4985043333,22
kor,1171000000,서울특별시,송파구,2단계,63,126,127.1156111111,37.5072064611,27
kor,1174000000,서울특별시,강동구,2단계,63,127,127.1516541667,37.5437319444,19
kor,1211000000,전남광주통합특별시,목포시,2단계,51,67,126.4095398056,34.8050402778,23
kor,1213000000,전남광주통합특별시,여수시,2단계,71,59,127.5413708333,34.4506555556,27
kor,1215000000,전남광주통합특별시,순천시,2단계,68,71,127.3885111111,34.98475,24
kor,1217000000,전남광주통합특별시,나주시,2단계,56,71,126.7056875,34.9867958333,20
kor,1219000000,전남광주통합특별시,광양시,2단계,73,72,127.6717222222,35.0273972222,12
kor,1221000000,전남광주통합특별시,동구,2단계,60,74,126.9287888889,35.1357541667,13
kor,1224000000,전남광주통합특별시,서구,2단계,59,74,126.8675972222,35.1413630556,18
kor,1227000000,전남광주통합특별시,남구,2단계,59,74,126.8800666667,35.1113652778,17
kor,1230000000,전남광주통합특별시,북구,2단계,59,75,126.9074787333,35.1871125,27
kor,1233000000,전남광주통합특별시,광산구,2단계,57,75,126.7725416667,35.1572861111,21
kor,1271000000,전남광주통합특별시,담양군,2단계,61,77,126.9646055556,35.2681583333,12
kor,1272000000,전남광주통합특별시,곡성군,2단계,65,76,127.2335416667,35.2058791667,11
kor,1273000000,전남광주통합특별시,구례군,2단계,70,77,127.4891,35.2439458333,8
kor,1274000000,전남광주통합특별시,고흥군,2단계,66,63,127.2982805556,34.6161291667,16
kor,1275000000,전남광주통합특별시,보성군,2단계,64,67,127.1830986111,34.7959347222,12
kor,1276000000,전남광주통합특별시,화순군,2단계,61,72,127.0166375,35.01915,13
kor,1277000000,전남광주통합특별시,장흥군,2단계,60,63,126.9192638889,34.6388055556,10
kor,1278000000,전남광주통합특별시,강진군,2단계,57,62,126.7660694444,34.5946402778,11
kor,1279000000,전남광주통합특별시,해남군,2단계,52,61,126.4943541667,34.5170972222,14
kor,1280000000,전남광주통합특별시,영암군,2단계,54,66,126.6111166667,34.7916916667,11
kor,1281000000,전남광주통합특별시,무안군,2단계,50,70,126.400325,34.9637138889,9
kor,1282000000,전남광주통합특별시,함평군,2단계,53,73,126.5340541667,35.0923013889,9
kor,1283000000,전남광주통합특별시,영광군,2단계,49,77,126.3595777778,35.2958916667,11
kor,1284000000,전남광주통합특별시,장성군,2단계,57,78,126.7651208333,35.3273902778,11
kor,1285000000,전남광주통합특별시,완도군,2단계,58,56,126.8214375,34.2963333333,12
kor,1286000000,전남광주통합특별시,진도군,2단계,47,58,126.1970486111,34.4016152778,7
kor,1287000000,전남광주통합특별시,신안군,2단계,41,68,125.8728375,34.8315694444,14
kor,2611000000,부산광역시,중구,2단계,97,74,129.0326055556,35.1014069444,9
kor,2614000000,부산광역시,서구,2단계,97,74,129.0198763889,35.0964888889,13
kor,2617000000,부산광역시,동구,2단계,98,75,129.0493652778,35.123575,12
kor,2620000000,부산광역시,영도구,2단계,98,74,129.0613875,35.0792875,11
kor,2623000000,부산광역시,부산진구,2단계,98,76,129.0498388889,35.1586652778,20
kor,2626000000,부산광역시,동래구,2단계,98,77,129.0857388889,35.2049708333,13
kor,2629000000,부산광역시,남구,2단계,99,75,129.0933416667,35.1261833333,17
kor,2632000000,부산광역시,북구,2단계,97,77,129.0198555556,35.2193819444,13
kor,2635000000,부산광역시,해운대구,2단계,100,76,129.1626208333,35.1922805556,18
kor,2638000000,부산광역시,사하구,2단계,97,74,128.9866166667,35.0837680556,16
kor,2641000000,부산광역시,금정구,2단계,98,77,129.0869694444,35.2524944444,16
kor,2644000000,부산광역시,강서구,2단계,95,75,128.8984444444,35.1320402778,9
kor,2647000000,부산광역시,연제구,2단계,98,76,129.0886097222,35.1809944444,12
kor,2650000000,부산광역시,수영구,2단계,99,76,129.1154597222,35.1558638889,10
kor,2653000000,부산광역시,사상구,2단계,97,76,128.9935888889,35.1550680556,12
kor,2671000000,부산광역시,기장군,2단계,100,78,129.1991555556,35.2789888889,5
kor,2711000000,대구광역시,중구,2단계,89,91,128.5953055556,35.8624083333,12
kor,2714000000,대구광역시,동구,2단계,90,91,128.6694814167,35.9021708333,22
kor,2717000000,대구광역시,서구,2단계,88,91,128.5617263889,35.8713555556,17
kor,2720000000,대구광역시,남구,2단계,89,90,128.5829708333,35.8421986111,13
kor,2723000000,대구광역시,북구,2단계,89,92,128.5868888889,35.9121197056,23
kor,2726000000,대구광역시,수성구,2단계,90,90,128.6637708333,35.8411791667,23
kor,2729000000,대구광역시,달서구,2단계,88,90,128.5366212222,35.83025,23
kor,2771000000,대구광역시,달성군,2단계,88,89,128.5201777778,35.7768541667,9
kor,2772000000,대구광역시,군위군,2단계,89,97,128.6345541667,36.1749069444,8
kor,2812500000,인천광역시,제물포구,2단계,54,125,126.6293111111,37.466,18
kor,2815500000,인천광역시,영종구,2단계,52,125,126.4866008,37.4701765872,6
kor,2817700000,인천광역시,미추홀구,2단계,55,125,126.6706652778,37.4512034778,21
kor,2818500000,인천광역시,연수구,2단계,55,124,126.6633307778,37.4031027778,15
kor,2820000000,인천광역시,남동구,2단계,56,124,126.7255975667,37.4326208333,20
kor,2823700000,인천광역시,부평구,2단계,56,126,126.7235888889,37.4933138889,22
kor,2824500000,인천광역시,계양구,2단계,56,127,126.7361319444,37.5481680556,12
kor,2827500000,인천광역시,서해구,2단계,55,126,126.6582394389,37.5231416667,16
kor,2829000000,인천광역시,검단구,2단계,55,128,126.6763925027,37.5998108129,8
kor,2871000000,인천광역시,강화군,2단계,49,130,126.3676375,37.7123666667,13
kor,2872000000,인천광역시,옹진군,2단계,36,127,125.6000055556,37.5988784778,7
kor,3011000000,대전광역시,동구,2단계,69,100,127.4584646278,36.3168652778,16
kor,3014000000,대전광역시,중구,2단계,68,100,127.4163763889,36.3206699656,17
kor,3017000000,대전광역시,서구,2단계,67,100,127.3686114111,36.3087791667,24
kor,3020000000,대전광역시,유성구,2단계,67,101,127.3552132778,36.3671597222,13
kor,3023000000,대전광역시,대덕구,2단계,68,102,127.4319986111,36.3998111111,12
kor,3111000000,울산광역시,중구,2단계,102,85,129.3134222222,35.5640430556,12
kor,3114000000,울산광역시,남구,2단계,102,84,129.3021430556,35.5288916667,14
kor,3117000000,울산광역시,동구,2단계,104,84,129.4272666667,35.5129597222,9
kor,3120000000,울산광역시,북구,2단계,103,85,129.3962930556,35.5795291667,8
kor,3171000000,울산광역시,울주군,2단계,100,83,129.2110152778,35.4986944444,12
kor,3600000000,세종특별자치시,세종특별자치시,1단계,65,106,127.26431425,36.59307175,24
kor,4111100000,경기도,수원시장안구,2단계,61,121,126.9986222222,37.2966513889,10
kor,4111300000,경기도,수원시권선구,2단계,60,121,126.9945783,37.2654041667,12
kor,4111500000,경기도,수원시팔달구,2단계,61,121,127.0191041667,37.2741083333,10
kor,4111700000,경기도,수원시영통구,2단계,62,121,127.0626041667,37.2650123278,12
kor,4113100000,경기도,성남시수정구,2단계,63,125,127.1333763889,37.4437246944,17
kor,4113300000,경기도,성남시중원구,2단계,63,124,127.1522638889,37.4352458333,11
kor,4113500000,경기도,성남시분당구,2단계,63,123,127.1101944444,37.3729847222,22
kor,4115000000,경기도,의정부시,2단계,62,131,127.0711652,37.7332777778,15
kor,4117100000,경기도,안양시만안구,2단계,59,123,126.9186981778,37.3990916667,14
kor,4117300000,경기도,안양시동안구,2단계,60,123,126.9556597222,37.3854042611,17
kor,4119200000,경기도,부천시원미구,2단계,57,126,126.7838628,37.50107066,20
kor,4119400000,경기도,부천시소사구,2단계,57,125,126.78933535,37.475490455,10
kor,4119600000,경기도,부천시오정구,2단계,57,126,126.7990876,37.52306687,7
kor,4121000000,경기도,광명시,2단계,58,124,126.8683861111,37.4504416667,19
kor,4122000000,경기도,평택시,2단계,61,116,127.0102634278,37.0338861111,25
kor,4125000000,경기도,동두천시,2단계,61,135,127.0575097222,37.9071291667,8
kor,4127100000,경기도,안산시상록구,2단계,58,122,126.8621897778,37.3226541667,13
kor,4127300000,경기도,안산시단원구,2단계,55,121,126.7124535556,37.2915361111,12
kor,4128100000,경기도,고양시덕양구,2단계,58,129,126.8710486111,37.6416041667,21
kor,4128500000,경기도,고양시일산동구,2단계,57,129,126.8009375,37.6689652778,12
kor,4128700000,경기도,고양시일산서구,2단계,56,130,126.7501417741,37.6847529212,11
kor,4129000000,경기도,과천시,2단계,60,124,126.9919826795,37.4301294056,7
kor,4131000000,경기도,구리시,2단계,63,128,127.1348319444,37.6082527778,8
kor,4136000000,경기도,남양주시,2단계,64,128,127.2243888889,37.6283402778,16
kor,4137000000,경기도,오산시,2단계,62,118,127.0597460444,37.1579571011,8
kor,4139000000,경기도,시흥시,2단계,57,123,126.7715420115,37.3806499374,20
kor,4141000000,경기도,군포시,2단계,59,122,126.9325166667,37.3433666667,12
kor,4143000000,경기도,의왕시,2단계,60,122,126.9784833333,37.3508194444,6
kor,4145000000,경기도,하남시,2단계,64,126,127.1893454444,37.5221042722,14
kor,4146100000,경기도,용인시처인구,2단계,65,120,127.2651263889,37.2197680556,13
kor,4146300000,경기도,용인시기흥구,2단계,63,121,127.1105838,37.2785138889,15
kor,4146500000,경기도,용인시수지구,2단계,62,122,127.0943200194,37.3192398119,11
kor,4148000000,경기도,파주시,2단계,57,133,126.8153027778,37.8321797836,20
kor,4150000000,경기도,이천시,2단계,69,120,127.4895930556,37.2138097222,14
kor,4155000000,경기도,안성시,2단계,66,115,127.3054527778,37.0139291667,15
kor,4157000000,경기도,김포시,2단계,55,129,126.6637273889,37.6596986111,14
kor,4159100000,경기도,화성시만세구,2단계,57,118,126.82710935,37.180524265,10
kor,4159300000,경기도,화성시효행구,2단계,59,119,126.92903135,37.206250945,5
kor,4159500000,경기도,화성시병점구,2단계,61,119,127.03770475,37.219558225,5
kor,4159700000,경기도,화성시동탄구,2단계,62,119,127.09863675,37.186282675,9
kor,4161000000,경기도,광주시,2단계,65,123,127.2525214075,37.3966347222,16
kor,4163000000,경기도,양주시,2단계,61,132,127.0210777778,37.8052458333,12
kor,4165000000,경기도,포천시,2단계,65,136,127.2550263889,37.9692138889,14
kor,4167000000,경기도,여주시,2단계,71,121,127.5793888889,37.2988277789,12
kor,4180000000,경기도,연천군,2단계,60,138,126.9977111111,38.0796,10
kor,4182000000,경기도,가평군,2단계,68,132,127.4539,37.7781722222,6
kor,4183000000,경기도,양평군,2단계,70,126,127.5425763889,37.5100375,12
kor,4311100000,충청북도,청주시상당구,2단계,71,106,127.5754375,36.5758791667,13
kor,4311200000,충청북도,청주시서원구,2단계,69,105,127.4584638889,36.5604375,11
kor,4311300000,충청북도,청주시흥덕구,2단계,68,107,127.4027597222,36.634,11
kor,4311400000,충청북도,청주시청원구,2단계,69,108,127.5005444444,36.6918680556,8
kor,4313000000,충청북도,충주시,2단계,76,114,127.86785,36.9756458333,25
kor,4315000000,충청북도,제천시,2단계,80,116,128.1456152778,37.0321638889,17
kor,4372000000,충청북도,보은군,2단계,73,103,127.7019763889,36.4839125,11
kor,4373000000,충청북도,옥천군,2단계,72,100,127.6618305556,36.3174027778,9
kor,4374000000,충청북도,영동군,2단계,75,96,127.8360486111,36.1372986111,11
kor,4374500000,충청북도,증평군,2단계,71,110,127.5993861111,36.7965013889,2
kor,4375000000,충청북도,진천군,2단계,69,112,127.4537416667,36.8859777778,7
kor,4376000000,충청북도,괴산군,2단계,75,110,127.8223152778,36.7635055556,11
kor,4377000000,충청북도,음성군,2단계,72,115,127.6226097222,36.9910361111,9
kor,4380000000,충청북도,단양군,2단계,85,115,128.3923597222,37.009425,8
kor,4413100000,충청남도,천안시동남구,2단계,64,110,127.2298833333,36.7601916667,17
kor,4413300000,충청남도,천안시서북구,2단계,63,112,127.1661101628,36.8543902778,14
kor,4415000000,충청남도,공주시,2단계,63,103,127.1024375,36.4664541667,16
kor,4418000000,충청남도,보령시,2단계,54,100,126.5962388889,36.3356291667,16
kor,4420000000,충청남도,아산시,2단계,60,111,126.9651595667,36.8278527778,17
kor,4421000000,충청남도,서산시,2단계,51,110,126.4672888889,36.8004708333,15
kor,4423000000,충청남도,논산시,2단계,63,97,127.1434652778,36.2074180556,15
kor,4425000000,충청남도,계룡시,2단계,65,99,127.2584708333,36.2822418333,4
kor,4427000000,충청남도,당진시,2단계,55,112,126.6480583333,36.8930597222,14
kor,4471000000,충청남도,금산군,2단계,69,96,127.4647944444,36.1159208333,10
kor,4476000000,충청남도,부여군,2단계,58,98,126.8642263889,36.2199097222,16
kor,4477000000,충청남도,서천군,2단계,55,95,126.6779263889,36.0812472222,13
kor,4479000000,충청남도,청양군,2단계,59,102,126.8626875,36.4299583333,10
kor,4480000000,충청남도,홍성군,2단계,54,106,126.6270819444,36.5743819444,11
kor,4481000000,충청남도,예산군,2단계,57,107,126.7809208333,36.6509683889,12
kor,4482500000,충청남도,태안군,2단계,48,107,126.3052666667,36.6421847222,8
kor,4711100000,경상북도,포항시남구,2단계,104,94,129.4443541889,35.9868159389,14
kor,4711300000,경상북도,포항시북구,2단계,100,97,129.2491333333,36.1241055556,15
kor,4713000000,경상북도,경주시,2단계,101,90,129.2767319444,35.8309791667,22
kor,4715000000,경상북도,김천시,2단계,80,95,128.1064777778,36.0551527778,22
kor,4717000000,경상북도,안동시,2단계,91,107,128.7143138889,36.5964708333,24
kor,4719000000,경상북도,구미시,2단계,85,98,128.3485527778,36.1913875,25
kor,4721000000,경상북도,영주시,2단계,89,112,128.6026208333,36.8580791667,19
kor,4723000000,경상북도,영천시,2단계,95,94,128.9200666667,35.9890972222,16
kor,4725000000,경상북도,상주시,2단계,80,103,128.0907208333,36.4284916667,24
kor,4728000000,경상북도,문경시,2단계,81,108,128.1615375,36.6748138889,14
kor,4729000000,경상북도,경산시,2단계,93,90,128.8032222222,35.8535055556,15
kor,4773000000,경상북도,의성군,2단계,88,101,128.5848652778,36.3509444444,18
kor,4775000000,경상북도,청송군,2단계,96,103,129.02995,36.3997375,8
kor,4776000000,경상북도,영양군,2단계,98,108,129.1347111111,36.6587069444,6
kor,4777000000,경상북도,영덕군,2단계,102,104,129.3503986111,36.4412694444,9
kor,4782000000,경상북도,청도군,2단계,92,86,128.7534652778,35.6741986111,9
kor,4783000000,경상북도,고령군,2단계,84,88,128.3458555556,35.7488263889,8
kor,4784000000,경상북도,성주군,2단계,83,92,128.25896025,35.90374751,10
kor,4785000000,경상북도,칠곡군,2단계,86,94,128.4504430556,36.0180555556,8
kor,4790000000,경상북도,예천군,2단계,85,107,128.4041527778,36.6395126667,12
kor,4792000000,경상북도,봉화군,2단계,93,114,128.9027555556,36.9294472222,10
kor,4793000000,경상북도,울진군,2단계,101,114,129.3504597222,36.8887875,10
kor,4794000000,경상북도,울릉군,2단계,135,126,131.3505179944,37.3891109667,4
kor,4812100000,경상남도,창원시의창구,2단계,90,78,128.65740975,35.299873,7
kor,4812300000,경상남도,창원시성산구,2단계,91,77,128.66793725,35.2129843,8
kor,4812500000,경상남도,창원시마산합포구,2단계,88,75,128.50248825,35.15949495,15
kor,4812700000,경상남도,창원시마산회원구,2단계,89,77,128.55504375,35.23348935,12
kor,4812900000,경상남도,창원시진해구,2단계,92,75,128.73757515,35.1299635,13
kor,4817000000,경상남도,진주시,2단계,81,76,128.1314208333,35.1937013889,30
kor,4822000000,경상남도,통영시,2단계,86,66,128.3659944444,34.7666430556,15
kor,4824000000,경상남도,사천시,2단계,80,72,128.0349333333,35.0171819444,14
kor,4825000000,경상남도,김해시,2단계,94,78,128.8590152778,35.2502083333,19
kor,4827000000,경상남도,밀양시,2단계,92,82,128.7549041667,35.4768263889,16
kor,4831000000,경상남도,거제시,2단계,90,69,128.6221111111,34.8562763889,18
kor,4833000000,경상남도,양산시,2단계,97,80,129.0482444444,35.3971361111,13
kor,4872000000,경상남도,의령군,2단계,83,80,128.2493611111,35.3778847222,13
kor,4873000000,경상남도,함안군,2단계,87,78,128.4355430556,35.2771194444,10
kor,4874000000,경상남도,창녕군,2단계,87,83,128.4975805556,35.5048680556,14
kor,4882000000,경상남도,고성군,2단계,84,72,128.2741388889,35.0151875,14
kor,4884000000,경상남도,남해군,2단계,78,67,127.9447652778,34.8153847222,10
kor,4885000000,경상남도,하동군,2단계,75,73,127.7653444444,35.0663611111,13
kor,4886000000,경상남도,산청군,2단계,78,80,127.9405972222,35.3826916667,11
kor,4887000000,경상남도,함양군,2단계,74,83,127.7256152778,35.5371319444,11
kor,4888000000,경상남도,거창군,2단계,77,87,127.9191444444,35.6882625,12
kor,4889000000,경상남도,합천군,2단계,82,84,128.1891111111,35.5855138889,17
kor,5011000000,제주특별자치도,제주시,2단계,53,42,126.5707208333,33.6534361111,26
kor,5013000000,제주특별자치도,서귀포시,2단계,54,35,126.5835583333,33.3311611111,17
kor,5019000000,이어도,이어도,1단계,28,8,0,0,2
kor,5111000000,강원특별자치도,춘천시,2단계,73,134,127.7450388889,37.8782805556,25
kor,5113000000,강원특별자치도,원주시,2단계,76,121,127.917175,37.2911625,25
kor,5115000000,강원특별자치도,강릉시,2단계,93,132,128.9347819444,37.7498375,21
kor,5117000000,강원특별자치도,동해시,2단계,97,127,129.1007986111,37.5180388889,10
kor,5119000000,강원특별자치도,태백시,2단계,95,118,129.0023972222,37.137425,8
kor,5121000000,강원특별자치도,속초시,2단계,87,141,128.5786194444,38.1919430556,8
kor,5123000000,강원특별자치도,삼척시,2단계,98,122,129.1416597222,37.2960069444,12
kor,5172000000,강원특별자치도,홍천군,2단계,78,131,128.0291041667,37.7405986111,10
kor,5173000000,강원특별자치도,횡성군,2단계,78,125,128.0368611111,37.4691736111,9
kor,5175000000,강원특별자치도,영월군,2단계,87,120,128.5500194444,37.2048805556,9
kor,5176000000,강원특별자치도,평창군,2단계,87,126,128.5451041667,37.5050541667,8
kor,5177000000,강원특별자치도,정선군,2단계,91,123,128.7493819444,37.3488361111,9
kor,5178000000,강원특별자치도,철원군,2단계,70,141,127.5332875,38.2273208333,11
kor,5179000000,강원특별자치도,화천군,2단계,72,139,127.6588611111,38.1037875,5
kor,5180000000,강원특별자치도,양구군,2단계,78,141,128.04555,38.1938555556,5
kor,5181000000,강원특별자치도,인제군,2단계,81,138,128.2035555556,38.0435083333,6
kor,5182000000,강원특별자치도,고성군,2단계,85,145,128.4229430556,38.3730597222,6
kor,5183000000,강원특별자치도,양양군,2단계,89,138,128.6746305556,38.056825,6
kor,5211100000,전북특별자치도,전주시완산구,2단계,63,89,127.1291618333,35.8058680556,19
kor,5211300000,전북특별자치도,전주시덕진구,2단계,63,90,127.1152906667,35.8501556164,16
kor,5213000000,전북특별자치도,군산시,2단계,51,93,126.4284472222,36.0133486111,27
kor,5214000000,전북특별자치도,익산시,2단계,60,93,126.9844875,36.0136833333,29
kor,5218000000,전북특별자치도,정읍시,2단계,59,84,126.9089930556,35.6063222222,23
kor,5219000000,전북특별자치도,남원시,2단계,69,80,127.4276263889,35.4251722222,23
kor,5221000000,전북특별자치도,김제시,2단계,59,88,126.8786097222,35.8069819444,19
kor,5271000000,전북특별자치도,완주군,2단계,64,91,127.1617597222,35.9092125,13
kor,5272000000,전북특별자치도,진안군,2단계,69,89,127.4478305556,35.830875,11
kor,5273000000,전북특별자치도,무주군,2단계,74,92,127.7038055556,35.9330958333,6
kor,5274000000,전북특별자치도,장수군,2단계,70,86,127.5065097222,35.6557430556,7
kor,5275000000,전북특별자치도,임실군,2단계,65,84,127.2586666667,35.5927805556,12
kor,5277000000,전북특별자치도,순창군,2단계,63,80,127.0880875,35.4158736111,11
kor,5279000000,전북특별자치도,고창군,2단계,54,81,126.6213263889,35.4364597222,14
kor,5280000000,전북특별자치도,부안군,2단계,53,86,126.5418930556,35.6716791667,13
